gallerypic/gallerypic11,290017,4a63572b8c3f175026e91b8f329cd1a8
gallerypic/gallerypic1,284176,d0b0d96b41ee55236b5a752146b52ab3
gallerypic/gallerypic1_t,142646,4ca0421d506be1924818499896ad21d5
gallerypic/gallerypic14_t,139973,ff0e0a9dc2929f79b9445a40665bd9ab
gallerypic/gallerypic15_t,145288,901136e90d7e55c8a950515d0b57b9fb
gallerypic/gallerypic18,281017,90b2e9abac11b7f05c765a55e04aa7d9
gallerypic/gallerypic14,291540,2d62e0b6dab609b78b36a9c37d92d383
gallerypic/gallerypic16_t,157119,26acea5788ca3e29787e6725c3eec788
gallerypic/gallerypic18_t,145707,fd4e16e966928941c81c3aabc82982ff
gallerypic/gallerypic13,277244,2c303c1185b7f8e089d85efc97910ac7
gallerypic/gallerypic13_t,123461,83029f2c87802bbf282ae966db3f8053
gallerypic/gallerypic11_t,132049,4a9538adfc6cbbcf13a02323de3784d9
gallerypic/gallerypic20_t,133764,8b42061a85debcda6c2a37fa082578f7
gallerypic/gallerypic20,272186,a08230738ba374106d70b00686bf813e
gallerypic/gallerypic2,257539,94b371be7f6e89a757a092bf79eb471f
gallerypic/gallerypic16,307271,7bed7bb55bed2de7013724e2021d29b8
gallerypic/gallerypic17_t,138074,116137aa1eac34f815e98466e1bce588
gallerypic/gallerypic21,249362,c920ff227c91dd4cbf74d58cba801aaf
gallerypic/gallerypic10,262758,45b5eb54f075287cdd4c312ceca731c7
gallerypic/gallerypic21_t,126998,ddd97c04a57eda64daa8eb05c1e835e1
gallerypic/gallerypic19,294988,92121b96d305f63169fa79400a0b164f
gallerypic/gallerypic19_t,136666,c41ce13c030cb61d7856572e06a34e3a
gallerypic/gallerypic22_t,138067,4e41fe81cda16a4e42800b92664364a1
gallerypic/gallerypic25_t,122069,48cbda18917420540608d4e5f819c8b3
gallerypic/gallerypic26_t,148281,8c863615f3122a4e5f98a847a2640be5
gallerypic/gallerypic22,266359,26166523968a461996db6886a73d10ae
gallerypic/gallerypic23_t,153328,a1f7bf83006ee5c29fb81a5039845684
gallerypic/gallerypic2_t,145207,7e73b5fe49f1a2540492e53f06b9b09a
gallerypic/gallerypic24_t,132063,21884bf25025feb63b8de8814bf5d542
gallerypic/gallerypic28,291070,39c377de180b269e38c86d98ff0cba62
gallerypic/gallerypic27,231135,71215122c66de5988ada9737a8179965
gallerypic/gallerypic26,301554,1c0c064ae11917c38fb95c16b1c106ae
gallerypic/gallerypic24,283215,9851ddec08a760c757ad9503428eb3e6
gallerypic/gallerypic32_t,161540,2dc2264a245d3c11a298c1d1f361d837
gallerypic/gallerypic33_t,123818,6ecd99449ad0370b3d4507ed32ecd9fb
gallerypic/gallerypic34,241569,bccadeba5c0157592873b751000bd664
gallerypic/gallerypic34_t,123628,229cea4719b1e296451a736098a9e76a
gallerypic/gallerypic35,259997,56e961aa9a5b5ef33c7ce7b8cfaa0a69
gallerypic/gallerypic31_t,152246,75dd927d6b0c7cc759582c2051bee392
gallerypic/gallerypic35_t,124142,2443cca1bdd06681db7155c393608ece
gallerypic/gallerypic37_t,140069,c3a3cd823f6652950c745afddd2d3ff0
gallerypic/gallerypic31,298527,961ceb8eeba7c13ddab2480a41a2c2c7
gallerypic/gallerypic33,261630,a8d0dc1c03a7152de6754e778461ce00
gallerypic/gallerypic39_t,142643,17e58e29cde8313ab7409e209753162b
gallerypic/gallerypic32,328852,2446bce79c6026c86204f524bd16a3b4
gallerypic/gallerypic28_t,139277,c17e398e8980900cac407993ab977df3
gallerypic/gallerypic30_t,140564,5509f71ec10f8c8d793b350375ddeb1d
gallerypic/gallerypic38_t,142179,5ebcfe134e04705402628403f5792dfb
gallerypic/gallerypic36_t,133964,2932a129da4315c56a49384bab2f1e93
gallerypic/gallerypic30,287608,922d0d80d5da0fbec4129c9305ad5ee1
gallerypic/gallerypic40_t,141709,697f3d48325181b5d2fa961ec72222f7
gallerypic/gallerypic39,277147,9c6536c276cf45a4f0c405ac9fd793f5
gallerypic/gallerypic36,256770,cab0575e5bcfac8f52c48cc79fb121f8
gallerypic/gallerypic3,289375,a2f8f5fa3160b8fce40d070e38624a7b
gallerypic/gallerypic23,292252,e6fcd983d2cc6e686fd8d47597f49b02
gallerypic/gallerypic29,299951,3bdf14125d7b549b7d842d65ef79d2a5
gallerypic/gallerypic29_t,149946,aeaef72595da690bf975a7d0a2d73cc8
gallerypic/gallerypic37,302157,14056ef1b7a4d9d470d0940f4b58a4c1
gallerypic/gallerypic41,306689,0b789d48485357ff3c274e8daa8719d7
gallerypic/gallerypic41_t,153570,8974ed803464974f5a5c77118398f6db
gallerypic/gallerypic38,302181,6dc7ad54e28f968ea16575362e579267
gallerypic/gallerypic45_t,162574,8e2a6290bf95f7dc03df79677aa3e6ae
gallerypic/gallerypic49_t,154966,1d9d0ba2af5312e40c17f5a066f77183
gallerypic/gallerypic44_t,126348,1e30bf634152b0b328f745ac58205859
gallerypic/gallerypic40,273674,688a5e1013971a7856089a4752f68a64
gallerypic/gallerypic48_t,145110,38ddecdd58188b08b836f8d1734da701
gallerypic/gallerypic43_t,149045,e75f4242e347f14b71fbd131d67da49a
gallerypic/gallerypic42_t,136712,9631249cc351eda1a3ebf9a89525cb5c
gallerypic/gallerypic46_t,129305,cfcef67bc77c0cbd5322a5c72490b6f0
gallerypic/gallerypic43,311911,4a225a67e7c07f690e401f3cb01f62a2
gallerypic/gallerypic3_t,138830,a82fcee8a8ec669ae0579b46546108e7
gallerypic/gallerypic45,320549,f968ce532ffddb13530b18c16723466b
gallerypic/gallerypic53,263302,50a7e203ce20b7848f899432638efe3c
gallerypic/gallerypic4_t,120314,eab7fc0e52cdbc3239b380ed9cc0d8f2
gallerypic/gallerypic46,250402,122ab517c4442d7869a439f9ecfb44e5
gallerypic/gallerypic54,219137,16db9a672f9b952656a0ac2b88b7593c
gallerypic/gallerypic47_t,148615,13171692aab9f091736353755370f1a9
gallerypic/gallerypic7_t,148295,86c0948f86fd5b47c0a90c1696a43db5
gallerypic/gallerypic5,239570,7ac695a56a600905c368bb34fb76f15a
gallerypic/gallerypic51_t,126585,813c66e5c498848a80427218d11ee2cb
gallerypic/gallerypic51,259186,e54435556eba993605f1eea380bc1e54
gallerypic/gallerypic53_t,145584,e293023d9307fc8b2ec46d255cce0c4a
gallerypic/gallerypic55_t,140896,c8fbc8066bec797db70372b2c7cc76dc
gallerypic/gallerypic8,290883,d704e1a9c0a25e13e65ac9aa510c169f
gallerypic/gallerypic7,304525,16bd3468a2222fa99572cd25e1f39b43
gallerypic/gallerypic9_t,135096,5a4e5bbdb008d5e56fa612929fc04666
gallerypic/gallerypic47,282671,2ff7aa6cd151d5f7408952213ca9a101
gallerypic/gallerypic5_t,127297,cd3cb384bc0847dfac16aaf7bc60767f
gallerypic/gallerypic6_t,121585,02c239ebe4b4f619f881c00727d9fc6c
gallerypic/gallerypic49,1669840,09789e8bfc4b7d9aa9c53c6758496918
gallerypic/gallerypic52,299307,abb294509125c66baa3e82b4557f3ca4
gallerypic/gallerypic50_t,151733,99138f872a482430984558a73293b74b
gallerypic/gallerypic52_t,148432,78bf4ab8129b5e5065aa46543302375a
gallerypic/gallerypic55,254650,c7776f0acd1534fb6d8662018715b1b4
gallerypic/gallerypic9,273909,04bef36d70fab76572f2d37c48162ccd
gallerypic/gallerypic6,265520,38687f32d7a1f4255c9de8c8522e6ae7
gallerypic/gallerypic50,303723,dd4698d5bf54215648cd48f09f3e73c3
gallerypic/gallerypic27_t,134012,1cbe6817b634a0f2e91efe09d59c5cc7
gallerypic/gallerypic25,261746,d148ed4fdbf1c1cdbb52c3bda2d74eec
gallerypic/gallerypic10_t,121889,8d4bd248a365c6af18bfc41cdabbe0b9
gallerypic/gallerypic12,280101,95e260f9cad2e4b1dbc4f76eb091cd6a
gallerypic/gallerypic12_t,133925,2731966324c40aaf3d257ec5b5453f6f
gallerypic/gallerypic54_t,105832,c97f0ef114e4d0d9d8c09de617db4728
gallerypic/gallerypic8_t,136510,96564ef51afb37db86336f731c18e228
gallerypic/gallerypic17,249911,039e5a9b6cf2b3cc9274d35cf0cb15e5
gallerypic/gallerypic15,283090,c480467bd1befedb8234ea22762d9834
gallerypic/gallerypic42,266374,d5144905a62636254ca69288f09e6326
gallerypic/gallerypic4,250449,98c73bec6a609304d96fa7911bedc95d
gallerypic/gallerypic48,252717,edb078d25f7de71d3baedc13d8aa6955
gallerypic/gallerypic44,265772,850df9ead0476b7c722a4922594ba3f3